"raul.Julian.flowering.date","cortijo.Julian.flowering.date","id"
33.4,35.5,"epiRIL101"
42.2,39.5,"epiRIL108"
38.2,41.75,"epiRIL11"
37.4,39.8333333333333,"epiRIL112"
36.4,40.6666666666667,"epiRIL114"
35.2,35.6666666666667,"epiRIL118"
NA,40.1666666666667,"epiRIL122"
35,40.5,"epiRIL137"
35.4,40.1666666666667,"epiRIL14"
39.2,39.2,"epiRIL144"
36.4,35.25,"epiRIL147"
29.2,36.3333333333333,"epiRIL148"
36.4,36.3333333333333,"epiRIL150"
40.6,40.8333333333333,"epiRIL159"
34.8,41.6666666666667,"epiRIL164"
35.6,39.5,"epiRIL166"
37.2,42.3333333333333,"epiRIL169"
37,40.8333333333333,"epiRIL170"
34.8,36.5,"epiRIL172"
40.4,39.1666666666667,"epiRIL18"
37.2,41.1666666666667,"epiRIL183"
28.4,33.6666666666667,"epiRIL193"
37.4,38.1666666666667,"epiRIL195"
40.6,39,"epiRIL20"
33,36,"epiRIL202"
34,35.3333333333333,"epiRIL208"
35.4,37.1666666666667,"epiRIL215"
29.8,35.6666666666667,"epiRIL216"
32.2,35.6666666666667,"epiRIL218"
28.6,34.6666666666667,"epiRIL222"
37,37.8333333333333,"epiRIL225"
31.4,35,"epiRIL229"
31.2,34.3333333333333,"epiRIL232"
36.4,41,"epiRIL238"
39.4,40.6666666666667,"epiRIL24"
34.6,38.8333333333333,"epiRIL244"
42.4,40,"epiRIL252"
34.4,36.1666666666667,"epiRIL257"
29.2,35.6666666666667,"epiRIL258"
41.6,39.6666666666667,"epiRIL260"
38.8,42.1666666666667,"epiRIL262"
36.4,40,"epiRIL275"
38.4,39.8333333333333,"epiRIL276"
33.2,41.5,"epiRIL277"
35.8,35.5,"epiRIL297"
31.4,35.8333333333333,"epiRIL305"
37.2,39.6666666666667,"epiRIL315"
36.6,38.3333333333333,"epiRIL323"
37.8,38,"epiRIL326"
40.2,36.3333333333333,"epiRIL333"
38.8,40,"epiRIL340"
33.6,35.6666666666667,"epiRIL344"
34.8,34.5,"epiRIL350"
35.6,36,"epiRIL356"
35.6,39.5,"epiRIL36"
41,38.5,"epiRIL361"
36.4,34.8333333333333,"epiRIL362"
28.4,35,"epiRIL363"
39,35.1666666666667,"epiRIL366"
40.2,39.3333333333333,"epiRIL368"
34.4,36.1666666666667,"epiRIL371"
35.2,35.5,"epiRIL375"
35.2,35.8333333333333,"epiRIL391"
44.6,40.8333333333333,"epiRIL393"
39.4,43.8333333333333,"epiRIL394"
39.2,37.1666666666667,"epiRIL400"
43.4,41.5,"epiRIL408"
38.2,38.5,"epiRIL410"
34.6,35.2,"epiRIL425"
33.25,35.6666666666667,"epiRIL432"
39.2,40.6666666666667,"epiRIL434"
36.6,35.8333333333333,"epiRIL437"
33,33.8333333333333,"epiRIL438"
37.8,43.3333333333333,"epiRIL439"
33.6,33.3333333333333,"epiRIL454"
34.2,34.3333333333333,"epiRIL458"
38.8,33.8333333333333,"epiRIL46"
34.4,36,"epiRIL466"
33.8,35.5,"epiRIL467"
35.4,36.1666666666667,"epiRIL471"
38,39.8333333333333,"epiRIL473"
40.4,43,"epiRIL477"
40.2,40.3333333333333,"epiRIL480"
41,34.6666666666667,"epiRIL488"
36,35.5,"epiRIL492"
38.8,39.1666666666667,"epiRIL493"
30.4,34.6666666666667,"epiRIL494"
36.2,40,"epiRIL495"
37.2,38.3333333333333,"epiRIL497"
38.6,35.3333333333333,"epiRIL500"
41.4,38.6666666666667,"epiRIL503"
36.8,40.3333333333333,"epiRIL506"
32.4,35.6666666666667,"epiRIL508"
39,41,"epiRIL52"
32.8,36.6666666666667,"epiRIL523"
38.6,39.5,"epiRIL53"
35.4,40,"epiRIL538"
38.4,40,"epiRIL539"
42,39.8333333333333,"epiRIL54"
36.6,35.8333333333333,"epiRIL55"
37.4,33,"epiRIL556"
36,36.1666666666667,"epiRIL558"
39.8,39.6666666666667,"epiRIL559"
35.4,37.3333333333333,"epiRIL561"
35.2,35.3333333333333,"epiRIL567"
34.8,38.5,"epiRIL570"
35,41.1666666666667,"epiRIL572"
41,39.6666666666667,"epiRIL573"
34.8,35.8333333333333,"epiRIL579"
49.2,52,"epiRIL60"
37,40.3333333333333,"epiRIL62"
35.6,34.3333333333333,"epiRIL64"
41.4,39.6666666666667,"epiRIL69"
31.8,34.5,"epiRIL70"
29.4,33.6666666666667,"epiRIL71"
38,38.3333333333333,"epiRIL73"
35.2,35.8333333333333,"epiRIL8"
28.5,34,"epiRIL92"
36,38.5,"epiRIL93"
39.8,39.6666666666667,"epiRIL94"
38,35.1666666666667,"epiRIL95"
NA,52.8333333333333,"epiRIL98"
42.8,40.1666666666667,"epiRIL99"
