"id","MM1","MM2","MM4","MM5","MM7","MM10","MM11","MM12","MM17","MM20","MM25","MM27","MM33","MM39","MM52","MM58","MM87","MM91","MM101","MM114","MM123","MM126","MM128","MM147","MM150","MM157","MM158","MM159","MM160","MM163","MM166","MM167","MM168","MM171","MM240","MM330","MM335","MM357","MM371","MM372","MM373","MM374","MM378","MM379","MM380","MM382","MM383","MM385","MM388","MM392","MM396","MM398","MM399","MM400","MM402","MM405","MM414","MM415","MM418","MM427","MM432","MM466","MM495","MM499","MM515","MM527","MM529","MM531","MM537","MM544","MM546","MM547","MM550","MM551","MM552","MM553","MM586","MM587","MM654","MM661","MM665","MM666","MM678","MM679","MM686","MM689","MM691","MM693","MM694","MM695","MM698","MM699","MM701","MM703","MM704","MM706","MM707","MM712","MM713","MM715","MM716","MM718","MM719","MM721","MM722","MM724","MM725","MM726","MM728","MM731","MM734","MM744","MM823","MM825","MM827","MM832","MM837","MM845","MM849","MM853","MM854","MM859","MM862","MM863","MM865","MM867"
,"1","1","1","1","1","1","1","1","1","1","1","1","1","1","1","1","1","1","1","1","1","1","1","1","1","1","1","1","1","1","2","2","2","2","2","2","2","2","2","2","2","2","2","2","2","2","2","2","2","3","3","3","3","3","3","3","3","3","3","3","3","3","3","3","3","3","3","3","3","3","3","3","4","4","4","4","4","4","4","4","4","4","4","4","4","4","4","4","4","4","4","4","4","4","4","5","5","5","5","5","5","5","5","5","5","5","5","5","5","5","5","5","5","5","5","5","5","5","5","5","5","5","5","5","5","5"
,"  0.000000","  1.729195"," 11.731196"," 13.460417"," 16.446474"," 18.175696"," 23.228039"," 23.785096"," 26.131565"," 26.688623"," 29.035091"," 30.168213"," 30.725271"," 33.071739"," 33.628379"," 34.760927"," 36.490002"," 37.046897"," 40.032767"," 40.589825"," 41.146883"," 44.796164"," 45.929285"," 61.198270"," 62.331391"," 63.464512"," 67.802051"," 68.359108"," 70.088322","106.313077","  0.000000","  0.557051","  4.206332","  5.339454","  6.472576","  7.029634","  7.586692","  8.719814","  9.852936"," 10.409994"," 10.967052"," 12.696274"," 13.253332"," 13.810391"," 14.943512"," 21.511831"," 35.622473"," 39.271718"," 61.371900","  0.000000"," 25.454504"," 26.587623"," 34.799864"," 35.932985"," 36.490043"," 37.623165"," 42.675508"," 43.232566"," 44.365688"," 46.094910"," 46.651968"," 47.209026"," 47.766084"," 48.323142"," 49.456264"," 50.589386"," 51.146444"," 51.703502"," 52.260560"," 64.219895"," 95.641959","101.437285","  0.000000","  1.729215","  2.286273","  2.843331","  3.400389","  4.533511"," 11.101782"," 12.234864"," 16.572402"," 17.129459"," 21.466998"," 22.024006"," 32.982115"," 38.777398"," 42.426646"," 42.983703"," 52.985733"," 53.542791"," 54.675912"," 58.325183"," 68.327197"," 72.664734"," 82.666753","  0.000000","  3.649262"," 12.736873"," 22.738884"," 23.295941"," 24.429062"," 30.997388"," 32.726610"," 33.283668"," 34.416790"," 34.973848"," 36.106970"," 36.664028"," 37.797150"," 38.354208"," 39.487330"," 40.044388"," 41.177510"," 41.734568"," 42.291626"," 43.424748"," 43.981806"," 45.114928"," 45.671986"," 46.229044"," 47.362166"," 56.449764"," 57.582856"," 59.929324"," 63.578605"," 65.925066"
"epiRIL8","A","A","A","A","A","A","A","A","A","A","A","A","A","A","A","A","A","A","A","A","A","A","A","A","A","A","A","A","A","A","B","B","B","B","B","B","B","B","B","B","B","B","B","B","B","B","A","A","A","B","A","A","A","A","A","A","B","B","B","B","B","B","B","B","B","B","B","B","B","A","B","B","A","A","A","A","A","A","A","A","A","A","A","A","A","A","A","A","A","A","A","A","A","A","B","A","A","B","A","A","A","B","B","B","B","B","B","B","B","B","B","B","B","B","B","B","B","B","B","B","B","B","B","B","B","B"
"epiRIL11","A","A","B","B","B","B","B","B","B","B","B","B","B","B","B","B","B","B","B","B","B","B","B","B","B","B","B","B","B","B","B","B","B","B","B","A","A","A","A","A","A","A","A","A","A","A","A","A","B","B","B","B","B","B","B","B","B","B","B","B","B","B","B","B","B","B","B","B","B","B","B","B","B","B","B","B","B","B","B","B","B","B","B","A","B","B","B","B","B","B","B","B","B","B","B","B","B","B","B","B","B","B","B","B","B","B","B","B","B","B","B","B","B","B","B","B","B","B","B","B","B","B","B","B","B","B"
"epiRIL14","B","B","B","B","B","B","B","B","B","B","B","B","B","B","B","B","B","B","B","B","B","B","B","B","B","B","B","B","B","B","A","A","A","A","A","A","A","A","A","A","A","A","A","A","A","A","A","A","A","B","B","B","B","B","B","B","B","B","B","B","B","B","B","B","B","B","B","B","B","B","A","A","B","B","B","B","B","B","B","B","B","B","B","B","B","B","B","B","B","B","B","B","B","B","A","B","B","B","B","B","B","B","B","B","B","B","B","B","B","B","B","B","B","B","B","B","B","B","B","B","B","B","B","B","B","B"
"epiRIL18","B","B","B","B","B","B","B","B","B","B","B","B","B","B","B","A","A","A","A","A","A","A","A","A","A","A","A","A","A","B","B","B","B","B","B","B","B","B","B","B","B","B","B","B","B","B","A","A","A","B","B","B","B","B","B","B","B","B","B","B","B","B","B","B","B","B","B","B","B","B","B","B","B","B","B","B","B","B","B","B","A","A","A","A","A","A","A","A","A","A","A","A","B","B","B","B","B","B","B","B","B","B","B","B","B","B","B","B","B","B","B","B","B","B","B","B","B","B","B","B","B","B","B","B","B","B"
"epiRIL20","B","B","B","B","B","B","B","B","B","B","B","B","B","B","B","B","B","B","B","B","B","B","B","B","B","B","B","B","B","A","B","B","B","B","B","B","B","B","B","B","B","B","B","B","B","B","B","B","B","B","B","B","B","B","B","B","B","B","B","B","B","B","B","B","B","B","B","B","B","B","B","B","B","B","B","B","B","B","B","B","B","B","B","B","B","B","B","B","B","B","B","B","B","B","B","B","B","B","B","B","B","B","B","B","B","B","B","B","B","B","B","B","B","B","B","B","B","B","B","B","B","B","B","B","B","B"
"epiRIL24","A","A","A","B","B","B","B","B","B","B","B","B","B","B","B","B","B","B","B","B","B","B","B","B","B","B","B","B","B","B","B","B","B","B","B","B","B","B","B","B","B","B","B","B","B","B","B","B","B","A","B","B","B","B","B","B","A","A","B","B","B","B","B","B","B","B","B","B","B","A","B","B","B","B","B","B","B","B","B","B","B","B","B","B","B","B","B","B","B","B","B","A","A","A","A","B","B","B","B","B","B","B","B","B","B","B","B","B","B","B","B","B","B","B","B","B","B","B","B","B","B","B","B","B","B","B"
"epiRIL36","B","B","B","B","B","B","B","B","B","B","B","B","B","B","B","B","B","B","B","B","B","B","B","B","B","B","B","B","B","A","B","B","B","B","B","B","B","B","B","B","B","A","A","A","A","A","B","B","A","B","B","B","A","A","A","A","B","B","B","B","B","B","B","B","B","B","B","B","B","B","B","B","B","B","B","B","B","B","B","B","B","B","B","B","B","B","B","B","B","B","B","A","B","B","B","B","B","B","B","B","B","B","B","B","B","B","B","B","A","A","A","A","A","A","A","A","A","A","A","A","A","A","A","A","A","A"
"epiRIL46","A","A","B","B","B","B","A","A","A","A","A","A","A","A","A","A","A","A","A","A","A","A","A","B","B","B","B","B","B","A","A","A","B","B","B","B","B","B","B","B","B","B","B","B","B","B","B","B","B","B","B","B","B","B","B","B","B","B","B","B","B","B","B","B","B","B","B","B","B","A","B","B","A","A","A","A","A","A","B","B","B","B","A","A","A","A","B","B","B","B","B","B","B","B","B","B","B","B","B","B","A","A","A","A","A","A","A","A","A","A","A","A","A","A","A","A","A","A","A","A","A","A","A","A","A","A"
"epiRIL52","B","B","B","B","B","B","B","B","B","B","B","B","B","B","B","B","B","B","B","B","B","B","B","A","A","A","A","A","B","A","B","B","B","B","B","B","B","B","B","B","B","B","B","B","B","B","B","B","B","B","B","B","B","B","B","B","B","B","B","B","B","B","B","B","B","B","B","B","B","B","B","B","A","A","A","A","B","B","B","B","B","B","B","B","B","B","B","B","B","B","B","B","B","B","B","B","B","B","B","B","B","B","B","B","B","B","B","B","B","B","B","B","B","B","B","B","B","B","B","B","B","B","B","B","B","B"
"epiRIL53","B","B","B","B","B","B","B","B","B","B","B","B","B","B","B","B","B","B","B","B","B","B","B","B","B","B","B","B","B","B","B","B","B","B","B","B","B","B","B","B","B","B","B","B","B","B","B","B","B","A","B","B","B","B","B","B","B","B","B","B","B","B","B","B","B","B","B","B","B","B","B","B","B","B","B","B","B","B","B","B","B","B","B","B","B","B","B","B","B","B","B","B","B","B","B","B","B","B","B","B","B","B","B","B","B","B","B","B","B","B","B","B","B","B","B","B","B","B","B","B","B","B","B","B","B","B"
"epiRIL54","B","B","B","B","B","B","B","B","B","B","B","B","B","B","B","B","B","B","B","B","B","B","B","B","B","B","B","B","B","B","A","A","A","A","A","A","A","A","A","A","A","A","A","A","A","A","A","A","A","A","A","A","B","B","B","B","B","B","B","B","B","B","B","B","B","B","B","B","B","B","B","B","B","B","B","B","B","B","B","B","B","B","B","B","B","B","B","B","B","B","B","B","B","B","B","A","A","A","A","A","A","A","A","A","A","A","A","B","B","B","B","B","B","B","B","B","B","B","B","B","B","B","B","B","B","B"
"epiRIL55","B","B","B","B","B","B","B","B","B","B","B","B","B","B","B","B","B","B","B","B","B","B","B","B","B","B","B","B","B","A","A","A","A","A","A","A","A","A","A","A","A","A","A","A","B","B","B","B","B","B","B","B","B","B","B","B","B","B","B","B","B","B","B","B","B","B","B","B","B","B","B","B","B","B","B","B","B","B","B","B","B","B","B","B","A","B","A","A","B","B","B","B","B","B","B","A","A","A","A","A","A","A","A","A","A","A","A","A","A","A","A","A","A","A","A","A","A","A","A","A","A","B","B","B","B","B"
"epiRIL60","B","B","B","B","B","B","B","B","B","B","A","A","A","A","A","A","A","A","A","A","A","A","B","B","B","B","B","B","B","B","A","A","B","B","B","B","B","B","B","A","A","A","A","A","A","A","A","A","B","B","B","B","B","B","B","B","B","B","B","B","B","B","B","B","B","B","B","B","B","B","B","B","A","A","A","A","A","A","A","A","A","A","A","A","A","A","A","A","A","A","A","A","A","B","B","B","B","B","B","B","B","B","B","B","B","B","B","B","B","B","B","B","B","B","B","B","B","B","B","B","B","B","B","B","B","B"
"epiRIL62","B","B","B","B","B","B","B","B","B","B","B","B","B","B","B","B","B","B","B","B","B","B","B","B","B","B","B","B","B","B","B","B","B","B","B","B","B","B","B","B","B","B","B","B","B","B","B","B","B","B","B","B","B","B","B","B","B","B","B","B","B","B","A","A","A","A","A","A","A","A","B","B","A","A","A","A","A","A","B","A","A","A","A","A","B","B","B","B","B","B","B","B","B","B","B","A","A","B","B","B","B","B","B","B","B","B","B","B","B","B","B","B","B","B","B","B","B","B","B","B","B","B","B","B","B","B"
"epiRIL64","A","A","A","A","A","A","A","A","A","A","A","A","A","A","A","A","A","A","B","B","B","B","B","B","B","B","B","B","B","B","B","B","B","B","B","B","B","B","B","B","B","B","B","B","B","B","B","B","B","B","B","B","B","B","B","B","B","B","B","B","B","B","B","B","B","B","B","B","B","B","B","B","A","A","A","A","A","A","A","A","A","A","A","A","A","A","A","A","B","B","B","B","B","B","B","A","A","A","B","B","B","B","B","B","B","B","B","B","B","B","B","B","B","B","B","B","B","B","B","B","B","B","B","B","B","B"
"epiRIL69","B","B","B","B","B","B","B","B","B","B","B","B","B","B","B","B","B","B","B","B","B","B","B","B","B","B","B","B","B","B","B","B","B","B","B","B","B","B","B","B","B","B","B","B","B","B","B","B","B","A","B","B","B","B","B","B","B","B","B","B","B","B","B","B","B","B","B","B","B","B","B","B","B","B","B","B","B","B","B","B","B","B","B","B","B","B","B","B","B","B","B","B","B","B","B","B","B","B","B","B","B","B","B","B","B","B","B","B","B","B","B","B","B","B","B","B","B","B","B","B","B","B","B","B","B","B"
"epiRIL70","B","B","B","B","B","B","A","A","A","A","A","A","A","A","A","A","A","A","A","A","A","A","A","A","A","A","B","B","B","A","B","B","B","B","B","B","B","B","B","B","B","B","B","B","B","B","B","B","B","B","B","B","B","B","B","B","B","B","B","B","B","B","B","B","B","B","B","B","B","A","B","B","A","A","A","A","A","A","A","A","A","A","A","A","A","B","B","B","B","B","A","A","A","A","A","A","A","A","B","B","B","A","A","A","A","A","A","A","A","A","A","A","A","A","A","A","A","A","A","A","A","A","A","A","A","B"
"epiRIL71","B","B","A","A","A","A","A","A","A","A","A","A","A","A","A","A","A","A","A","A","A","A","A","B","B","B","B","B","B","B","A","A","A","A","A","A","A","A","A","A","A","A","A","A","A","A","B","B","B","B","B","B","B","B","B","B","B","B","B","B","B","B","B","B","B","B","B","B","B","B","A","A","A","A","A","A","A","A","A","A","A","A","A","A","A","B","B","B","B","B","B","B","B","B","B","A","A","A","B","B","B","B","B","B","B","B","B","B","B","B","B","B","B","B","B","B","B","B","B","B","B","B","B","B","B","B"
"epiRIL73","B","B","B","B","B","B","B","B","B","B","B","B","B","B","B","B","B","B","B","B","B","B","B","B","B","B","B","B","B","B","B","B","B","B","B","B","B","B","B","B","B","B","B","B","B","B","B","B","B","B","B","B","B","B","B","B","B","B","B","B","B","B","B","B","B","B","B","B","B","B","B","B","A","A","A","B","B","B","B","B","A","A","A","A","A","A","A","A","A","A","A","A","A","A","A","B","B","B","B","B","B","B","B","B","B","B","B","B","B","B","B","B","B","B","B","B","B","B","B","B","B","B","B","B","B","B"
"epiRIL92","B","B","B","B","B","B","A","A","A","A","A","A","A","A","A","A","A","A","A","A","A","A","A","A","A","A","A","A","A","B","B","B","B","B","A","A","A","A","A","A","B","B","B","B","B","B","B","B","B","B","B","B","B","B","B","B","B","B","B","B","B","B","B","B","B","B","B","B","B","B","B","B","A","A","A","A","A","A","A","A","A","A","A","A","B","B","B","B","B","B","B","B","B","B","B","A","A","A","A","A","A","A","A","A","A","A","A","A","A","A","A","A","A","A","A","A","A","A","A","A","A","B","B","B","B","B"
"epiRIL93","A","A","A","A","A","A","A","A","A","A","A","A","A","A","A","A","A","A","A","A","A","A","A","B","B","B","B","B","B","B","A","A","A","A","A","A","A","A","A","A","A","A","A","A","A","A","A","B","A","B","B","B","B","B","B","B","B","B","B","B","B","B","B","B","B","B","B","B","B","B","B","B","A","A","A","A","A","A","A","A","A","A","A","A","A","A","A","A","A","A","A","A","B","B","B","B","B","B","B","B","B","B","B","B","B","B","B","B","B","B","B","B","B","B","B","B","B","B","B","B","B","B","B","B","B","A"
"epiRIL94","A","A","A","A","B","B","B","B","B","B","B","B","B","B","B","B","B","B","B","B","B","B","B","B","B","B","B","B","B","B","B","B","B","B","B","B","B","B","B","B","B","B","B","B","B","A","A","A","A","B","B","B","B","B","B","B","B","B","B","B","B","B","B","B","B","B","B","B","B","B","B","B","B","B","B","B","B","B","B","B","B","B","B","B","B","B","B","B","B","B","B","B","B","B","B","A","B","B","B","B","B","B","B","B","B","B","B","B","B","B","B","B","B","B","B","B","B","B","B","B","B","B","B","B","B","B"
"epiRIL95","B","B","B","B","B","B","B","B","B","B","B","B","B","B","B","B","B","B","B","B","B","B","B","B","B","B","B","B","B","B","B","B","B","B","B","B","B","B","B","B","B","B","B","B","B","B","B","B","B","B","B","B","B","B","B","B","B","B","B","B","B","B","B","B","B","B","B","B","B","B","B","B","A","B","B","B","B","B","B","B","B","B","B","B","A","A","A","A","A","A","A","A","A","A","A","A","A","A","A","A","A","A","A","A","A","A","A","A","A","A","A","A","A","A","A","A","A","A","A","A","A","B","B","B","B","B"
"epiRIL98","B","B","B","B","B","B","B","B","B","B","B","B","B","B","B","B","B","B","B","B","B","B","B","A","A","A","A","A","A","A","A","A","A","A","A","A","A","A","A","A","A","A","A","A","A","A","A","B","A","B","B","B","B","B","B","B","B","B","B","B","B","B","B","B","B","B","B","B","B","B","B","B","A","A","A","A","A","A","A","A","A","A","A","A","A","A","A","A","A","A","A","A","A","A","B","B","B","A","A","A","A","A","A","A","A","A","A","A","A","A","A","A","A","A","A","A","A","A","A","A","A","A","A","A","A","A"
"epiRIL99","B","B","B","B","B","B","B","B","B","B","B","B","B","B","B","B","B","B","B","B","B","A","A","B","B","B","B","B","B","B","A","A","B","B","B","B","B","B","B","B","B","B","B","B","B","B","B","B","B","A","A","A","A","A","A","A","A","A","A","A","A","A","A","A","A","A","A","A","A","A","A","A","B","B","B","B","B","B","B","B","B","B","B","B","B","B","B","B","B","B","B","B","B","B","B","B","B","B","B","B","B","B","B","B","B","B","B","B","B","B","B","B","B","B","B","B","B","B","B","B","B","B","B","B","B","B"
"epiRIL101","B","B","A","A","A","A","A","A","A","A","A","A","A","A","B","A","B","B","A","A","A","A","A","B","B","B","B","B","B","B","B","B","B","B","B","B","B","B","B","B","B","B","B","B","B","B","B","B","B","B","B","B","B","B","B","B","B","B","B","B","B","B","B","B","B","B","B","B","B","B","B","B","B","B","B","B","B","B","B","B","B","B","B","B","B","B","B","B","B","B","B","B","B","B","B","A","A","A","A","A","A","A","A","A","A","A","A","A","A","A","A","A","A","A","A","A","A","A","A","A","A","B","B","B","B","B"
"epiRIL108","B","B","B","B","B","B","B","B","B","B","B","B","B","B","B","B","B","B","B","B","B","B","B","B","B","B","B","B","B","B","B","B","B","B","B","B","B","B","B","B","B","B","B","B","B","B","B","B","B","A","A","A","B","B","B","B","B","B","B","B","B","B","B","B","B","B","B","B","B","B","B","B","A","A","A","A","A","A","B","B","A","A","A","A","B","B","B","B","B","B","B","B","B","B","B","B","B","B","B","B","B","B","B","B","B","B","B","B","B","B","B","B","B","B","B","B","B","B","B","B","B","B","B","B","B","B"
"epiRIL112","B","B","B","B","B","B","B","B","B","B","B","B","B","B","B","B","B","B","B","B","B","B","B","B","B","B","B","B","B","B","B","B","B","B","B","B","B","B","B","B","B","B","B","B","B","A","A","A","B","A","A","A","B","B","B","B","B","B","B","B","B","B","B","B","B","A","A","A","A","A","A","A","A","A","A","A","A","A","A","A","A","A","B","B","B","B","B","B","B","B","B","B","B","B","B","B","B","B","A","A","A","B","B","B","B","B","B","B","B","B","B","B","B","B","B","B","B","B","B","B","B","B","B","B","B","B"
"epiRIL114","B","B","B","B","B","B","B","B","A","A","A","A","A","A","A","A","A","A","A","A","A","A","A","A","A","A","A","A","A","A","A","A","A","A","A","A","A","A","A","A","A","A","A","A","A","A","A","A","A","A","B","B","B","B","B","B","B","B","B","B","B","B","B","B","B","B","B","A","A","A","A","A","A","A","A","A","A","A","A","A","A","A","A","A","B","B","B","B","B","B","B","B","B","B","A","A","A","A","A","A","A","A","A","A","A","A","A","A","A","A","A","A","A","A","A","A","A","A","A","A","A","A","A","A","A","A"
"epiRIL118","A","A","A","A","A","A","A","A","A","A","A","A","A","A","A","A","A","A","A","A","A","A","A","A","A","A","A","A","A","B","B","B","B","B","B","B","B","B","B","B","B","B","B","B","B","B","B","B","B","B","B","B","B","B","B","B","A","A","A","A","A","A","A","A","A","A","A","A","A","A","B","B","B","B","B","B","B","B","B","B","B","B","B","B","B","B","B","B","B","B","B","B","B","B","B","B","B","B","B","B","B","B","B","B","B","B","B","B","B","B","B","B","B","B","B","B","B","B","B","B","B","B","B","B","B","B"
"epiRIL122","B","B","B","B","A","A","B","B","B","B","B","B","B","B","B","B","B","B","B","B","B","B","B","B","B","B","B","A","A","B","A","A","A","A","A","A","A","A","A","A","A","B","B","B","B","A","A","B","A","A","A","A","A","A","A","A","A","A","A","A","A","A","A","A","A","A","A","A","B","B","B","B","A","A","A","A","A","A","A","A","A","A","A","A","A","A","A","A","B","B","B","B","B","B","A","A","A","A","A","A","A","A","A","A","A","A","A","A","A","A","A","A","A","A","A","A","A","A","A","A","A","A","A","A","A","A"
"epiRIL137","A","B","A","A","A","A","A","A","A","A","A","A","A","A","A","A","A","A","A","A","A","A","A","A","A","B","B","B","B","B","A","A","B","B","B","B","B","B","B","B","B","B","B","B","B","A","A","A","B","B","B","B","B","B","B","B","B","B","B","B","B","B","B","B","B","B","B","B","B","B","B","B","B","B","B","B","B","B","B","B","B","B","B","B","B","B","B","B","B","B","B","B","B","B","B","A","A","B","B","B","B","B","B","B","B","B","B","B","B","B","B","B","B","B","B","B","B","B","B","B","B","B","B","B","B","B"
"epiRIL144","B","B","B","B","B","B","B","B","B","B","B","B","B","B","B","B","B","B","B","B","B","B","B","B","B","B","A","A","A","B","B","B","B","B","B","B","B","B","B","B","B","B","B","B","B","B","B","B","B","B","A","A","A","A","A","A","A","A","A","A","A","A","A","A","A","A","A","A","A","A","A","A","B","B","B","B","B","B","B","B","B","B","B","B","B","B","B","B","B","B","B","B","B","B","B","A","A","B","B","B","B","B","B","B","B","B","B","B","B","B","B","B","B","B","B","B","B","B","B","B","B","B","B","B","B","B"
"epiRIL147","B","B","B","B","B","B","B","B","B","B","B","B","B","B","B","B","B","B","B","B","B","B","B","A","A","A","A","A","A","B","A","A","A","B","B","B","B","B","B","B","B","B","B","B","B","B","B","B","B","B","B","B","B","B","B","B","B","B","B","B","B","B","B","B","B","B","B","B","B","B","B","B","B","B","B","B","B","B","B","B","B","B","B","B","B","B","B","B","A","A","A","A","A","A","A","B","B","B","B","B","B","B","B","B","B","B","B","B","B","B","B","B","B","B","B","B","A","A","A","A","A","A","A","A","A","A"
"epiRIL148","B","B","A","A","A","A","A","A","A","A","A","A","A","A","A","A","A","A","A","A","A","A","A","B","B","B","B","B","B","B","A","A","A","A","A","A","A","A","A","A","A","A","A","A","A","A","A","A","A","A","A","A","A","A","A","A","A","B","B","B","B","B","B","B","B","B","B","B","B","B","B","B","B","B","B","B","B","B","B","B","B","B","B","B","B","B","B","B","B","B","B","B","B","B","B","A","A","B","B","B","B","B","B","B","B","B","B","B","B","B","B","B","B","B","B","B","B","B","B","B","B","B","B","B","B","B"
"epiRIL150","B","B","B","B","B","B","B","B","B","B","B","B","B","B","B","B","B","B","A","A","A","A","A","A","A","A","A","A","A","A","B","B","B","B","B","B","B","B","B","B","B","B","B","B","B","B","A","A","A","B","B","B","A","A","A","A","B","B","B","B","B","B","B","B","A","A","A","A","A","B","A","A","A","A","A","A","A","A","A","A","A","A","A","A","B","B","B","B","B","B","B","B","B","B","B","B","B","B","B","B","B","B","B","B","B","B","A","A","A","A","A","A","A","A","A","A","A","A","A","A","A","A","A","A","A","A"
"epiRIL159","B","B","B","B","A","A","A","A","A","A","A","A","A","A","A","A","B","B","B","B","B","B","B","B","B","B","B","B","B","B","B","B","B","B","B","B","B","B","B","B","B","B","B","B","B","B","B","B","A","B","A","A","B","B","B","B","B","B","B","B","B","B","B","B","B","B","B","B","B","B","B","B","B","B","B","B","B","B","B","A","A","A","A","A","B","B","B","B","B","B","B","B","B","B","B","B","B","B","B","B","B","B","B","B","B","B","B","B","B","B","B","B","B","B","B","B","B","B","B","B","B","B","B","B","B","B"
"epiRIL164","A","A","A","A","A","B","B","B","B","B","B","B","B","B","B","B","B","B","B","B","B","B","B","B","B","B","B","B","B","A","B","B","B","B","B","B","B","B","B","B","B","B","B","B","A","A","A","A","B","B","B","B","B","B","B","B","B","B","B","B","B","B","B","B","B","B","B","B","B","B","A","A","B","B","B","B","B","B","B","B","B","B","B","B","B","B","B","B","B","B","B","B","B","B","B","A","B","B","B","B","B","B","B","B","B","B","B","B","B","B","B","B","B","B","B","B","B","B","B","B","B","B","B","B","B","B"
"epiRIL166","B","B","B","B","B","B","B","B","B","B","B","B","B","B","B","B","B","B","B","B","B","B","B","B","B","B","B","B","B","B","B","B","B","B","B","B","B","B","B","B","B","B","B","B","B","B","B","B","B","B","B","B","B","B","B","B","B","B","B","B","B","B","B","B","B","B","B","B","B","B","A","A","B","B","B","B","B","B","B","B","B","B","B","B","B","B","B","B","A","A","A","A","B","B","A","B","B","B","B","B","B","B","B","B","B","B","B","B","B","B","B","B","B","B","B","B","B","B","B","B","B","B","B","B","B","B"
"epiRIL169","B","B","B","A","A","A","A","A","A","A","A","B","B","B","B","B","B","B","B","B","B","B","B","B","B","B","B","B","B","B","B","B","B","B","B","B","B","B","B","B","B","B","B","B","B","B","B","B","B","B","B","B","B","B","B","B","B","B","B","B","B","B","B","B","B","B","B","B","B","B","B","B","B","B","B","B","B","B","B","B","B","B","B","B","A","B","A","A","A","A","A","A","B","B","B","B","B","B","B","B","B","B","B","B","B","B","B","B","B","B","B","B","B","B","B","B","B","B","B","B","B","B","B","B","B","B"
"epiRIL170","B","B","B","B","B","B","B","B","B","B","B","B","B","B","B","B","B","B","B","B","B","B","B","B","B","B","B","B","B","B","B","B","B","B","B","B","B","B","B","B","B","B","B","B","B","B","B","B","B","B","B","B","B","B","B","B","B","B","B","B","B","B","B","B","B","B","B","B","B","B","B","B","B","B","B","B","B","B","B","B","B","B","B","B","B","B","B","B","B","B","B","B","B","B","A","B","B","B","B","B","B","B","B","B","B","B","B","B","B","B","B","B","B","B","B","B","B","B","B","B","B","B","B","B","B","B"
"epiRIL172","A","A","B","B","A","A","A","A","B","B","B","B","B","B","B","B","B","B","B","B","B","B","B","B","B","B","B","B","B","B","B","B","B","B","B","B","B","B","B","B","B","B","B","B","B","B","B","B","B","A","A","A","A","A","A","A","A","A","B","B","B","B","B","B","B","B","B","B","B","B","B","B","B","A","A","A","A","A","B","B","A","A","A","A","A","A","A","A","A","A","A","A","A","A","A","B","A","B","A","A","A","A","A","A","A","A","A","A","A","A","A","A","A","A","A","A","A","A","B","B","B","B","B","B","B","B"
"epiRIL183","A","A","A","A","A","A","B","B","B","A","A","A","A","B","B","B","B","B","B","B","B","B","B","B","B","B","B","B","B","B","B","B","B","B","B","B","B","B","B","B","B","B","B","B","B","B","A","A","A","B","B","B","B","B","B","B","B","B","B","B","B","B","B","B","B","B","B","B","B","B","B","A","B","B","B","B","B","B","B","B","B","B","B","B","B","B","B","B","B","B","B","B","B","B","B","B","B","B","B","B","B","B","B","B","B","B","B","B","B","B","B","B","B","B","B","B","B","B","B","B","B","B","B","B","B","B"
"epiRIL193","B","B","B","B","B","B","B","B","B","B","B","B","B","B","B","B","B","B","B","B","B","B","B","B","B","B","B","B","B","B","A","A","A","A","A","A","A","A","A","A","A","A","A","A","A","B","B","B","B","B","B","B","B","B","A","A","A","A","A","A","A","A","A","A","A","A","A","A","A","A","A","A","B","B","A","A","A","A","A","A","A","A","A","A","A","A","A","A","A","A","A","A","B","B","B","A","A","A","A","A","A","A","B","B","B","B","B","B","B","B","B","B","B","B","B","B","B","B","B","B","B","B","B","B","B","B"
"epiRIL195","B","B","B","B","B","B","B","B","B","B","B","B","B","B","B","B","B","B","B","B","B","B","B","B","B","B","B","B","B","B","B","B","B","B","B","B","B","B","B","B","B","B","B","B","B","B","B","B","B","B","B","B","B","B","B","B","B","B","B","A","A","B","B","B","B","B","B","B","B","B","B","B","B","B","B","B","B","B","B","B","A","A","A","A","A","B","B","B","B","B","B","B","B","B","B","B","B","B","B","B","B","B","B","B","B","B","B","B","B","B","B","B","B","B","B","B","B","B","B","B","B","B","B","B","B","B"
"epiRIL202","B","B","B","B","B","B","B","B","A","A","A","A","A","A","A","A","A","B","A","A","A","B","B","B","B","B","A","A","A","B","B","B","B","B","B","B","B","B","B","B","B","B","B","B","B","B","B","B","B","B","B","B","B","B","B","B","B","B","B","B","B","B","B","B","B","B","B","B","B","B","B","B","A","A","A","A","A","A","A","A","A","A","A","A","A","A","A","A","B","B","B","B","B","B","B","B","B","B","B","B","B","B","B","B","B","B","B","B","B","B","B","B","B","B","B","B","B","B","B","B","B","B","B","B","B","B"
"epiRIL208","B","B","B","B","B","A","A","A","A","A","A","A","A","A","A","A","A","A","A","A","A","A","A","A","A","A","A","A","A","A","B","B","B","B","B","B","B","B","B","B","B","B","B","B","B","B","B","B","A","A","B","B","A","A","A","A","A","A","A","A","A","A","A","A","A","A","A","A","A","A","A","A","A","A","A","A","A","A","A","A","A","A","A","A","A","A","A","A","A","A","A","B","B","B","B","A","A","A","A","A","A","A","A","A","A","A","A","A","A","A","A","A","A","A","A","A","A","B","B","B","B","A","A","A","B","B"
"epiRIL215","B","B","B","B","B","B","B","B","B","B","B","B","B","B","B","B","B","B","B","B","B","B","B","A","A","A","A","A","A","A","A","A","A","A","A","A","A","A","A","A","A","A","A","A","A","A","A","A","A","B","B","B","B","B","B","B","B","B","B","B","B","B","B","B","B","B","B","B","B","B","B","B","B","B","B","B","B","B","B","B","B","B","B","B","B","B","B","B","B","B","B","B","B","B","B","B","B","B","B","B","B","B","B","B","B","B","B","B","B","B","B","B","B","B","B","B","B","B","B","B","B","B","B","B","B","A"
"epiRIL216","A","A","A","A","A","A","A","A","A","A","B","B","B","B","B","B","B","B","B","B","B","B","B","B","B","B","B","B","B","A","A","A","A","A","A","A","A","A","A","A","A","A","A","A","A","A","A","A","A","B","B","B","B","B","B","A","A","A","A","A","A","A","A","A","A","A","A","A","A","A","B","B","B","B","B","B","B","B","B","B","B","B","B","B","B","B","B","B","B","B","B","B","B","A","A","A","A","A","A","A","A","A","A","A","A","A","A","A","A","A","A","A","A","A","A","A","A","A","A","A","A","A","A","A","A","A"
"epiRIL218","B","B","B","B","B","B","B","B","B","B","B","B","B","B","B","B","B","B","B","A","A","A","A","B","B","B","B","B","B","B","A","A","A","A","A","A","A","A","A","A","A","A","A","A","A","A","A","A","B","B","B","B","B","B","B","B","B","B","B","B","B","B","B","B","B","B","B","B","B","B","B","B","A","A","A","A","A","A","A","A","A","A","A","A","B","B","B","B","B","B","B","B","B","B","B","B","B","B","B","B","B","B","B","B","B","B","B","B","B","B","B","B","B","B","B","B","B","B","B","B","B","B","B","B","B","B"
"epiRIL222","B","B","B","B","B","B","A","A","A","A","A","A","A","A","A","A","A","A","A","A","A","A","A","A","A","A","B","B","B","B","B","B","B","B","B","B","B","B","B","B","B","B","B","B","B","B","B","B","B","B","B","B","B","B","B","B","B","B","B","B","B","B","B","B","B","B","B","B","B","B","B","B","A","A","A","A","A","A","A","A","A","A","A","A","A","A","B","B","B","B","B","B","B","B","B","B","B","B","B","B","B","B","B","B","B","B","B","B","B","B","B","B","B","B","B","B","B","B","B","B","B","B","B","B","B","B"
"epiRIL225","B","B","B","B","B","B","B","B","B","B","B","B","B","B","B","B","B","B","B","B","B","B","B","B","B","B","A","A","A","B","B","B","B","B","B","B","B","B","B","B","B","B","B","B","B","B","B","B","B","B","A","A","A","A","A","A","A","A","A","A","A","A","A","A","A","A","A","A","A","B","B","B","B","B","B","B","B","B","B","B","B","B","B","B","B","B","B","B","B","B","B","B","B","B","B","A","A","A","A","A","A","A","A","A","A","A","A","A","A","A","B","B","B","B","B","B","B","B","B","B","B","A","B","B","A","A"
"epiRIL229","B","B","B","B","B","B","A","A","A","A","A","A","A","A","A","A","A","A","A","A","A","A","A","A","A","A","A","A","A","A","A","A","A","A","A","A","A","A","A","A","A","A","A","B","B","B","B","B","B","B","B","B","A","A","A","A","A","A","A","A","A","A","A","A","A","A","A","A","A","A","B","B","B","B","B","B","B","B","B","B","B","B","B","B","B","B","B","B","B","B","B","B","B","B","A","B","B","B","B","B","B","B","B","B","A","A","A","A","A","A","A","A","A","A","A","A","A","A","A","A","A","A","A","A","A","A"
"epiRIL232","B","A","A","A","A","A","A","A","A","A","A","A","A","A","A","A","A","A","A","A","A","A","A","A","B","B","B","B","B","B","A","A","A","A","A","A","A","A","A","A","A","A","B","B","B","B","B","B","A","B","A","A","A","A","A","A","A","A","A","A","A","A","A","A","A","A","A","A","A","A","A","A","A","A","A","A","A","A","A","A","B","B","B","B","B","B","B","B","B","B","B","B","B","B","B","A","A","A","A","A","A","A","A","A","A","A","A","A","A","A","A","A","A","A","A","A","A","A","A","A","A","A","A","A","A","A"
"epiRIL238","B","B","B","B","B","B","B","B","B","B","B","B","B","B","B","B","B","B","B","B","B","B","B","B","B","B","B","B","A","A","B","B","B","B","B","B","B","B","B","B","B","B","B","B","B","B","B","B","B","A","B","B","B","B","B","B","B","B","B","B","B","B","B","B","B","B","B","B","B","A","A","B","B","B","B","B","B","B","B","B","B","B","B","B","B","B","B","B","B","B","B","B","B","B","B","A","A","A","A","A","A","A","B","B","B","B","B","B","B","B","B","B","B","B","B","B","B","B","B","B","B","B","B","B","B","B"
"epiRIL244","B","B","B","B","B","B","B","B","B","B","B","B","B","B","B","B","B","B","B","B","B","B","B","A","A","A","A","A","A","A","B","B","B","B","B","B","B","B","B","B","B","B","B","B","B","B","B","B","B","B","B","B","B","B","B","B","B","B","B","B","B","B","B","B","B","B","B","B","B","B","B","B","B","B","B","B","B","B","B","B","B","B","B","B","B","B","B","B","B","B","B","B","B","A","A","A","A","B","A","A","A","A","A","A","A","A","A","A","A","A","A","A","A","A","A","A","A","A","A","A","A","A","A","A","B","B"
"epiRIL252","B","B","B","B","B","B","B","B","B","B","B","B","B","B","B","B","B","B","B","B","B","B","B","B","B","B","B","B","B","B","B","B","B","B","B","B","B","B","B","B","B","B","B","B","B","B","B","B","B","A","B","B","B","B","B","B","B","B","B","B","B","B","B","B","B","B","B","B","B","B","A","B","B","B","B","B","B","B","B","B","B","B","B","B","B","B","B","B","B","B","B","B","B","B","B","B","B","B","B","B","B","B","B","B","B","B","B","B","B","B","B","B","B","B","B","B","B","B","B","B","B","B","B","B","B","B"
"epiRIL257","B","B","B","B","B","B","B","B","B","B","B","B","B","B","B","B","B","B","B","B","B","B","B","B","B","B","B","B","B","B","B","B","B","B","B","B","B","B","B","B","B","B","B","B","B","B","A","A","A","B","B","B","B","B","B","B","B","B","B","B","B","B","B","B","B","A","A","A","A","A","A","A","B","B","B","B","B","B","B","B","B","B","A","A","A","A","A","A","A","A","A","A","A","A","A","B","B","B","B","A","A","A","A","A","A","A","A","A","A","A","A","A","A","A","A","A","A","A","A","A","A","A","A","A","B","B"
"epiRIL258","B","B","B","B","B","B","B","B","B","B","B","B","B","B","B","B","B","B","B","B","B","B","B","B","B","B","B","B","B","B","A","A","A","A","A","A","A","A","A","A","A","A","A","A","A","B","A","A","A","A","A","A","A","A","A","A","A","A","A","A","A","A","A","A","A","A","A","A","A","B","B","B","A","A","A","A","A","A","A","A","A","A","A","A","A","A","A","A","B","B","B","B","B","B","B","B","B","B","B","B","B","B","B","B","B","B","B","B","B","B","B","B","B","B","B","B","B","B","B","B","B","B","B","B","B","B"
"epiRIL260","B","B","B","B","B","B","B","B","B","B","B","B","B","B","B","B","B","B","B","B","B","B","B","B","B","B","B","B","B","B","B","B","B","B","B","B","B","B","B","B","B","B","B","B","B","B","B","B","A","A","B","B","B","B","B","B","B","B","B","B","B","B","B","B","B","B","B","B","B","B","B","B","B","B","B","B","B","B","B","B","B","B","B","B","B","B","B","B","B","B","B","B","A","A","B","B","B","B","A","A","A","A","A","A","A","B","B","B","B","B","B","B","B","B","B","B","B","B","B","B","B","B","B","B","B","B"
"epiRIL262","B","B","A","A","A","A","B","B","B","B","B","B","B","B","B","B","B","B","B","B","B","B","B","B","B","B","B","B","B","B","B","B","B","B","B","B","B","B","B","B","B","B","B","B","B","B","A","A","A","B","B","B","B","B","B","B","B","B","B","B","B","B","B","B","B","B","B","B","B","B","B","B","B","B","B","B","B","B","B","B","B","B","B","B","B","B","B","B","B","B","B","B","B","B","B","A","A","A","A","A","A","A","A","A","A","A","A","A","A","A","B","B","B","B","B","B","B","B","B","B","B","B","B","B","B","B"
"epiRIL275","B","B","B","B","B","B","B","B","B","B","B","B","B","B","B","B","B","B","B","B","B","B","B","B","B","B","B","B","B","B","B","B","B","B","B","B","B","B","B","B","B","B","B","B","B","B","A","A","A","A","A","A","A","A","A","A","A","A","A","A","A","A","A","A","A","A","A","A","A","A","B","B","B","B","B","B","B","B","B","B","B","B","B","B","B","B","B","B","B","B","B","B","B","B","B","B","B","B","B","B","B","B","B","B","B","B","B","B","B","B","B","B","B","B","B","B","B","B","B","B","B","A","A","A","A","A"
"epiRIL276","B","B","B","B","B","B","B","B","B","B","B","B","B","B","B","B","B","B","B","B","B","B","B","B","B","B","B","B","B","B","B","B","B","B","B","B","B","B","B","B","B","B","B","B","B","A","A","A","A","B","B","B","B","B","B","B","B","B","B","B","B","B","B","B","B","B","B","B","B","B","B","B","B","B","B","B","B","B","B","B","B","B","B","B","B","B","B","B","B","B","B","B","B","B","B","B","B","B","B","B","B","B","B","B","B","B","B","B","B","B","B","B","B","B","B","B","B","B","B","B","B","B","B","B","B","B"
"epiRIL277","B","B","B","B","B","B","B","B","B","B","B","B","B","B","B","B","B","B","B","B","B","B","B","B","B","B","B","B","B","B","B","B","B","B","B","B","B","B","B","B","B","B","B","B","B","B","A","A","A","A","A","A","B","B","B","B","B","B","B","B","B","B","B","A","A","A","A","A","A","A","B","B","B","B","B","B","B","B","B","B","B","B","B","B","B","B","B","B","B","B","B","B","B","B","B","B","B","B","B","B","B","B","B","B","B","B","B","B","B","B","B","B","B","B","B","B","B","B","B","B","B","B","B","B","B","B"
"epiRIL297","A","A","A","A","A","A","A","A","A","A","A","A","A","A","A","A","A","A","A","A","A","B","B","B","B","B","B","B","B","B","B","B","B","B","B","B","B","B","B","B","B","B","B","B","B","B","A","A","A","B","B","B","B","B","B","B","B","B","B","B","B","B","B","B","B","B","B","B","B","B","B","B","B","B","B","B","B","B","B","B","B","B","B","B","B","B","B","B","B","B","B","B","B","B","B","A","A","A","A","A","A","A","A","A","A","A","A","A","A","A","A","A","A","A","A","A","A","A","A","A","B","B","B","B","B","B"
"epiRIL305","B","B","B","B","B","A","A","A","A","A","A","A","A","A","A","A","A","A","A","A","A","B","B","B","B","B","B","B","B","A","A","A","B","B","B","B","B","B","B","B","B","B","B","B","B","A","A","A","A","B","B","B","B","B","B","B","B","B","B","B","B","B","B","B","B","B","B","B","B","B","B","B","A","A","A","A","A","A","A","A","A","A","A","A","A","A","A","A","A","A","A","A","A","B","B","A","A","A","A","A","A","B","B","B","B","B","B","B","B","B","B","B","B","B","B","B","B","B","B","B","B","B","B","B","B","B"
"epiRIL315","B","B","B","B","B","B","B","B","B","B","B","B","B","B","B","B","B","B","B","B","B","B","B","B","B","B","B","B","B","B","A","A","A","B","B","B","B","B","B","B","B","B","B","B","B","B","B","B","B","B","B","B","B","B","B","B","B","B","B","B","B","B","B","B","B","B","B","B","B","B","B","B","B","B","B","B","B","B","A","A","A","A","B","B","B","B","B","B","B","B","B","B","B","B","B","B","B","B","B","B","B","B","B","B","B","B","B","B","B","B","B","B","B","B","B","B","B","B","B","B","B","B","B","B","B","B"
"epiRIL323","B","B","B","B","B","B","B","B","B","B","B","B","B","B","B","B","B","B","B","B","B","B","B","B","B","B","B","B","B","B","B","B","B","B","B","B","B","B","B","B","B","B","B","B","B","B","B","B","A","B","B","B","B","B","B","B","A","A","A","A","A","A","A","A","A","A","A","A","A","A","A","A","A","A","A","A","A","A","A","A","A","A","A","A","A","A","A","A","B","B","B","B","B","B","B","B","B","B","B","B","B","B","B","B","B","B","B","B","B","B","B","B","B","B","B","B","B","B","B","B","B","B","B","B","B","B"
"epiRIL326","B","B","B","B","B","B","B","B","B","B","B","B","B","B","B","B","B","B","B","B","B","B","B","B","B","B","B","B","B","B","B","B","B","B","B","B","B","B","B","B","B","B","B","B","B","B","B","B","B","B","B","B","B","B","B","B","B","B","B","B","B","B","B","B","B","B","B","B","B","B","B","B","B","B","B","B","B","B","B","B","B","B","B","B","A","A","A","A","B","B","B","B","B","B","B","B","B","B","B","B","B","B","B","B","B","B","B","B","B","B","B","B","B","B","B","B","B","B","B","B","B","B","B","B","B","B"
"epiRIL333","B","B","B","B","B","B","B","B","B","B","B","B","B","B","B","B","B","B","B","B","B","B","B","B","B","A","A","A","A","A","B","B","B","B","B","B","B","A","A","A","A","A","A","A","A","A","A","B","A","A","A","A","A","A","A","A","A","A","A","A","A","A","A","A","A","A","A","A","A","A","A","A","B","B","B","B","B","B","B","B","B","B","B","B","B","B","B","B","B","B","B","B","B","B","B","A","A","A","A","A","A","B","B","B","A","A","A","A","A","A","A","A","A","A","A","A","A","A","A","A","A","A","A","B","B","B"
"epiRIL340","A","A","A","B","B","B","B","B","B","B","B","B","B","B","B","B","B","B","B","B","B","B","B","B","B","B","B","B","B","B","B","B","B","B","B","B","A","A","A","A","A","A","A","A","A","A","A","A","A","B","B","B","B","B","B","B","B","B","B","B","B","B","B","B","B","B","B","B","B","B","B","B","A","A","A","A","A","A","B","B","B","B","B","B","B","B","B","B","A","A","A","A","A","B","B","B","B","B","B","B","B","B","B","B","B","B","B","B","B","B","B","B","B","B","B","B","B","B","B","B","B","B","B","B","B","B"
"epiRIL344","B","B","B","B","B","B","B","B","B","B","B","A","A","A","A","A","A","A","A","A","A","B","B","B","B","B","B","B","B","A","B","B","B","B","B","B","B","B","B","B","B","B","B","B","B","B","B","B","B","B","B","B","B","B","B","B","B","B","B","B","B","B","B","B","B","B","B","B","B","B","B","B","B","B","B","B","B","B","B","B","B","B","B","B","B","B","B","B","B","B","B","A","A","A","B","B","B","B","B","B","B","B","B","B","B","B","B","B","B","B","B","B","B","A","A","A","A","A","A","A","A","A","B","B","B","B"
"epiRIL350","A","A","A","A","A","A","A","A","A","A","A","A","A","A","A","A","A","A","A","A","A","A","A","A","A","A","A","A","A","B","B","B","B","B","B","B","B","B","B","B","B","B","B","B","B","B","B","B","B","B","A","A","A","A","A","A","A","A","A","A","A","A","A","A","A","A","A","A","A","A","B","B","B","B","B","B","B","B","B","B","B","B","B","B","B","B","B","B","B","B","B","B","B","B","B","A","B","B","B","B","B","A","A","A","A","A","A","A","A","A","A","A","A","A","A","A","A","B","B","B","B","B","B","B","B","B"
"epiRIL356","A","A","A","A","A","A","A","A","A","A","A","A","A","A","A","A","A","A","A","A","A","A","A","B","B","B","B","B","B","B","B","B","B","B","B","B","B","B","B","B","B","B","B","B","B","B","A","A","A","A","A","A","B","B","B","B","B","B","B","B","B","B","B","B","B","B","B","B","B","A","B","B","B","B","B","B","B","B","B","B","B","B","B","B","B","B","B","B","B","B","B","B","B","B","A","B","B","A","A","A","A","A","A","A","A","A","A","A","A","A","A","A","A","A","A","A","A","A","A","A","A","A","A","A","B","B"
"epiRIL361","A","A","A","A","A","A","A","A","A","A","A","A","A","A","A","A","A","A","A","A","A","A","A","A","B","B","B","B","B","B","B","B","B","B","B","B","B","B","B","B","B","B","B","B","B","B","B","B","B","B","B","B","B","B","B","B","B","B","B","B","B","B","B","B","B","B","B","B","B","B","B","B","B","B","B","B","B","B","B","B","B","B","B","B","B","B","B","B","B","B","B","B","B","B","B","B","B","B","B","B","B","B","B","B","B","B","B","B","B","B","B","B","B","B","B","B","B","B","B","B","B","B","B","B","B","B"
"epiRIL362","A","A","A","A","A","A","A","A","A","A","B","B","B","B","B","B","B","B","B","B","B","B","B","B","B","B","A","A","A","B","B","B","B","B","B","B","B","B","B","B","B","B","B","B","B","B","A","A","B","B","B","B","B","B","B","B","B","B","B","B","B","B","B","B","B","B","B","B","B","B","B","A","B","B","B","B","B","B","B","B","B","B","A","A","A","A","A","A","A","A","A","A","B","B","B","B","B","B","B","B","B","B","A","A","A","A","A","A","A","A","A","A","A","A","A","A","A","A","A","A","A","A","A","B","B","B"
"epiRIL363","A","A","A","A","A","A","A","A","A","A","A","A","A","A","A","A","A","A","A","A","A","A","A","A","A","A","A","A","A","A","A","A","A","A","B","B","B","B","B","B","B","B","B","B","B","B","B","B","B","A","B","B","B","B","B","B","B","B","B","B","B","B","B","B","B","B","B","B","B","B","B","B","B","B","B","B","B","B","B","B","B","B","B","B","B","B","B","B","B","B","B","B","B","B","B","B","B","B","A","A","A","A","A","A","A","A","A","A","A","A","A","A","A","A","A","A","A","A","A","A","A","A","A","A","A","A"
"epiRIL366","B","B","B","B","B","B","B","B","B","B","B","B","B","B","B","B","B","B","B","B","B","B","B","B","B","B","B","B","B","B","B","B","B","B","B","B","B","B","B","B","B","B","B","B","B","B","B","B","B","B","B","B","B","B","B","B","B","B","B","B","B","B","B","B","B","B","B","B","B","B","B","B","B","B","B","B","B","B","B","B","B","B","B","B","B","B","B","A","A","A","A","A","A","A","A","B","A","A","A","A","A","A","A","A","A","A","A","A","A","A","A","A","A","A","A","A","A","A","A","A","A","A","A","B","B","B"
"epiRIL368","B","B","B","B","B","B","B","B","B","B","B","B","B","B","B","B","B","B","B","B","B","B","B","B","B","B","B","B","B","B","B","B","B","B","B","B","B","B","B","B","B","B","B","B","B","B","B","B","B","B","B","B","B","B","B","B","B","B","B","B","B","B","B","B","B","B","B","B","B","B","B","B","B","B","B","B","B","B","B","B","B","B","B","B","B","B","B","B","B","B","B","A","A","A","A","B","B","B","B","B","B","B","B","B","B","B","B","B","B","B","B","B","B","B","B","B","B","B","B","B","B","B","B","B","B","B"
"epiRIL371","B","B","B","B","B","B","B","B","B","B","B","B","B","B","B","B","B","B","B","B","B","B","B","B","B","B","B","B","B","B","B","B","B","B","B","B","B","B","B","B","B","B","B","B","B","B","B","B","B","A","A","A","A","B","B","B","B","B","B","B","B","B","B","B","B","B","B","B","B","B","B","B","B","B","B","B","B","B","B","B","B","B","B","B","B","B","A","A","B","B","B","B","B","B","B","B","B","B","B","B","B","B","B","B","B","B","B","B","B","B","B","B","B","B","B","B","B","B","B","B","B","B","B","B","B","B"
"epiRIL375","B","B","B","B","B","B","B","B","B","B","B","B","B","B","B","B","B","B","B","B","B","B","B","A","A","A","A","A","A","A","B","B","B","B","B","B","B","B","B","B","B","B","B","B","B","B","B","B","A","B","A","A","A","A","A","A","A","A","A","A","A","A","A","A","A","A","A","A","A","A","B","B","B","B","B","B","B","B","B","B","B","B","A","A","A","A","A","A","A","A","A","A","A","A","A","B","B","B","B","B","B","B","B","B","B","B","B","B","B","B","B","B","B","B","B","B","B","B","B","B","B","B","B","B","B","B"
"epiRIL391","B","B","B","B","B","B","B","B","B","B","B","B","B","B","B","B","B","B","B","B","B","B","B","B","B","B","B","B","B","B","A","A","A","A","A","A","A","A","B","B","B","B","B","B","B","B","B","B","B","A","B","B","B","B","B","B","B","B","B","B","B","B","B","B","B","B","B","B","B","B","B","B","A","A","A","A","A","A","A","A","A","A","A","A","A","A","A","A","A","A","A","A","A","B","B","B","B","B","A","A","A","A","A","A","A","A","A","A","A","A","A","A","A","A","A","A","A","A","A","A","A","B","B","B","B","B"
"epiRIL393","B","B","B","B","B","B","B","B","B","B","B","B","B","B","B","B","B","B","B","B","B","B","B","B","B","B","B","B","B","B","A","A","B","B","B","B","B","B","B","B","B","B","B","B","B","B","B","B","B","B","B","B","B","B","B","B","B","B","B","B","B","B","B","B","B","B","B","B","B","B","B","B","B","B","B","B","B","B","B","B","B","B","B","B","B","B","B","B","B","B","B","B","B","B","B","A","A","A","A","A","B","B","B","B","B","B","B","B","B","B","B","B","B","B","B","B","B","B","B","B","B","B","B","B","B","B"
"epiRIL394","B","B","B","B","B","B","B","B","B","B","B","B","B","B","B","B","B","B","B","B","B","A","A","A","A","A","A","A","A","B","B","B","B","B","B","B","B","B","B","B","B","B","B","B","B","B","B","B","A","B","B","B","B","B","B","B","B","B","B","B","B","B","B","B","B","B","B","B","B","B","B","B","A","A","A","A","A","A","A","A","A","A","A","A","A","A","A","A","A","A","A","A","A","B","B","B","B","B","B","B","B","B","B","B","B","B","B","B","B","B","B","B","B","B","B","B","B","B","B","B","B","B","B","B","B","B"
"epiRIL400","B","B","B","B","B","B","B","B","B","B","B","B","B","B","B","B","B","B","B","B","B","B","B","B","B","B","B","B","B","B","B","B","B","B","B","B","B","B","B","B","B","B","B","B","B","B","B","B","B","B","B","B","B","B","B","B","B","B","B","B","B","B","B","B","B","B","B","B","B","B","B","B","B","B","B","B","B","B","B","B","B","B","B","B","B","B","B","B","B","B","B","B","B","B","B","B","B","B","B","B","B","B","B","B","B","B","B","B","B","B","B","B","B","B","B","B","B","B","B","B","B","B","B","B","B","B"
"epiRIL408","B","B","B","B","B","B","B","B","B","B","B","B","B","B","B","B","B","B","B","B","B","B","B","B","B","B","B","B","B","B","B","B","B","B","B","B","B","B","B","B","B","B","B","B","B","B","B","B","B","B","B","B","B","B","B","B","B","B","B","B","B","B","B","B","B","B","B","B","B","B","B","B","B","B","B","B","B","B","B","B","B","B","B","B","B","B","B","B","B","B","B","B","B","B","B","A","A","A","A","A","A","A","A","A","A","A","A","A","A","B","B","B","B","B","B","B","B","B","B","B","B","B","B","B","B","B"
"epiRIL410","B","B","B","B","B","B","B","B","B","B","B","B","B","B","B","B","B","B","B","B","B","B","B","B","B","B","B","B","B","B","B","B","B","B","B","B","B","B","B","B","B","B","B","B","B","B","B","B","B","B","B","B","B","B","B","B","B","B","B","B","B","B","B","B","B","B","B","B","B","B","B","B","B","B","B","B","B","B","B","B","B","B","B","B","B","B","B","B","B","B","B","B","B","B","B","B","B","B","B","B","B","B","B","B","B","B","B","B","B","B","B","B","B","B","B","B","B","B","B","B","B","B","B","B","A","A"
"epiRIL425","B","B","A","A","A","A","A","A","A","A","A","A","A","A","A","A","A","A","A","A","A","A","A","A","A","A","A","A","A","B","B","B","B","B","B","B","B","B","B","B","B","B","B","B","B","B","B","B","B","B","B","B","B","B","B","B","B","B","B","B","B","B","B","B","B","B","B","B","B","B","B","B","B","B","B","B","B","B","B","B","B","B","B","B","B","B","B","B","B","B","B","B","A","A","A","A","A","A","A","A","A","A","A","A","A","A","A","A","A","A","A","A","A","A","A","A","A","A","A","A","A","B","B","B","B","B"
"epiRIL432","A","A","A","A","A","A","A","A","A","A","A","A","A","A","A","A","A","A","A","A","A","A","A","A","A","A","A","A","A","A","A","A","A","A","A","A","A","A","B","B","B","B","B","B","B","B","A","A","B","A","B","B","B","B","B","B","B","B","B","B","B","B","B","B","B","B","B","B","B","B","B","B","B","B","B","B","B","B","B","B","B","A","A","A","B","B","B","B","B","B","B","B","B","B","B","B","B","B","B","B","B","B","B","B","B","B","B","B","B","B","B","B","B","B","B","B","B","B","B","B","B","B","B","B","B","B"
"epiRIL434","B","B","B","B","B","B","B","B","B","B","B","B","B","B","B","B","B","B","B","B","B","B","B","B","B","B","B","B","B","B","B","B","B","B","B","B","B","B","B","B","B","B","B","B","B","B","B","B","B","B","B","B","B","B","B","B","B","B","B","B","B","B","B","B","B","B","B","B","B","B","B","A","B","B","B","B","B","B","B","B","B","B","B","B","B","B","B","B","B","B","B","B","B","B","B","B","B","B","B","B","B","B","B","B","B","B","B","B","B","B","B","B","B","B","B","B","B","B","B","B","B","B","B","B","B","B"
"epiRIL437","A","A","B","B","A","A","A","A","A","A","A","A","A","A","A","A","A","A","A","A","A","A","A","B","B","B","B","B","B","B","B","B","B","B","B","B","B","B","B","B","B","B","B","B","B","B","B","B","B","B","B","B","B","B","B","B","B","B","B","B","B","B","B","B","B","B","B","B","B","A","B","B","A","A","A","A","A","A","A","A","A","A","A","A","A","A","A","A","B","B","B","B","B","B","B","A","A","A","A","A","A","B","B","B","B","B","B","B","B","B","B","B","B","B","B","B","B","B","B","B","B","B","B","B","B","B"
"epiRIL438","A","A","A","A","A","A","A","A","A","A","A","A","A","A","A","A","A","A","A","A","A","A","A","B","B","B","B","B","B","B","A","A","A","A","A","A","A","A","A","A","A","A","A","A","A","A","A","A","A","A","B","B","B","B","B","B","B","B","B","B","B","B","B","B","B","B","B","B","B","B","A","B","B","B","B","B","B","A","A","A","A","A","A","A","A","A","A","A","A","A","B","B","B","B","B","B","B","B","A","A","A","A","A","A","A","A","A","A","A","A","A","A","A","A","A","A","A","A","A","A","A","A","A","A","A","A"
"epiRIL439","B","B","B","B","B","B","B","B","B","B","B","B","B","B","B","B","B","B","B","B","B","B","B","B","B","B","B","B","B","B","B","B","B","B","B","B","B","B","B","B","B","A","A","A","A","A","A","A","A","B","B","B","B","B","B","B","B","B","B","B","B","B","B","B","B","B","B","B","B","B","B","B","B","B","B","B","B","B","B","B","B","B","B","B","B","B","B","B","B","B","B","B","A","A","A","B","B","B","A","A","A","A","A","A","A","A","A","A","A","A","A","A","B","B","B","A","A","A","A","A","A","A","A","A","A","B"
"epiRIL454","B","B","B","B","B","B","B","B","B","B","B","B","B","B","B","B","B","B","B","B","B","B","B","B","B","B","B","B","B","B","B","B","B","B","B","B","B","B","B","B","B","B","B","B","B","B","B","B","B","A","A","A","B","B","B","B","B","B","B","B","B","B","B","B","A","A","A","A","A","A","B","B","A","A","A","A","A","A","A","A","A","A","A","A","A","B","B","B","B","B","B","B","B","B","B","B","A","A","A","A","A","A","A","A","A","A","A","A","A","A","A","A","A","A","A","A","A","A","A","A","A","A","A","A","A","A"
"epiRIL458","B","B","B","B","B","B","B","B","B","B","B","B","B","B","B","B","B","B","B","B","B","B","B","B","B","B","B","B","B","B","B","B","B","B","B","B","B","B","B","B","B","B","B","B","B","A","A","A","A","B","B","B","B","B","B","B","B","B","B","B","B","B","B","B","B","B","B","B","B","B","B","A","B","B","B","B","B","B","B","B","B","B","B","B","B","A","A","A","A","A","A","A","A","A","A","B","B","B","B","B","B","A","A","A","A","A","A","A","A","A","A","A","A","A","A","A","A","A","A","A","A","B","B","B","B","B"
"epiRIL466","B","A","A","A","A","A","A","A","A","A","A","A","A","A","A","A","A","A","A","A","A","A","B","B","B","B","B","B","B","B","A","A","A","A","A","A","A","B","B","B","B","B","B","B","B","B","B","B","B","B","B","B","B","B","B","B","B","B","B","B","B","B","B","B","B","B","B","B","B","A","A","A","B","B","B","B","B","B","B","B","B","B","B","B","B","B","B","B","B","B","B","B","B","B","B","B","B","B","B","B","B","B","B","B","B","B","B","B","B","B","B","B","B","B","B","B","B","B","B","B","B","B","B","B","B","B"
"epiRIL467","A","A","A","A","A","A","A","A","A","A","A","A","A","A","A","A","B","B","A","A","A","A","A","A","A","A","B","B","B","B","B","B","B","B","B","B","B","B","B","B","B","B","B","B","B","B","B","B","B","B","B","B","B","B","B","B","B","B","B","B","B","B","B","B","B","B","B","B","B","B","A","A","B","B","B","B","B","B","B","B","B","B","B","B","B","B","B","B","B","A","A","A","B","B","B","B","B","B","B","B","B","B","B","B","B","B","B","B","A","A","A","A","A","A","A","A","A","A","A","B","B","B","B","B","B","B"
"epiRIL471","B","B","B","B","B","B","B","B","B","B","B","B","B","B","B","B","B","B","B","B","B","B","B","B","B","B","B","B","B","B","B","B","B","B","B","B","B","B","B","B","B","B","B","B","B","B","B","B","B","B","B","A","A","A","A","A","A","A","A","B","B","B","B","B","B","B","B","B","B","B","B","A","B","B","B","B","B","B","B","B","B","B","B","B","B","B","B","B","B","B","B","B","B","B","A","A","A","A","A","A","A","A","A","A","A","A","A","A","A","A","A","A","A","A","A","A","A","A","A","A","A","A","A","A","A","A"
"epiRIL473","B","B","B","B","B","B","B","B","B","B","B","B","B","B","B","B","B","B","B","B","B","B","B","B","B","B","B","B","B","B","B","B","B","B","B","B","B","B","B","B","B","B","B","B","B","B","A","A","A","B","B","B","B","B","B","B","B","B","B","B","B","B","B","B","B","B","B","B","B","B","B","B","B","B","B","B","B","B","B","B","B","B","B","B","B","B","B","B","B","B","B","B","B","B","B","A","A","A","A","A","A","B","B","B","B","B","B","B","B","B","B","B","B","B","B","B","B","B","B","B","B","B","B","B","B","B"
"epiRIL477","B","B","B","B","B","B","B","B","B","B","B","B","B","B","B","B","B","B","B","B","B","B","B","B","B","B","B","B","B","B","A","A","A","A","A","A","A","A","A","A","A","A","A","A","A","A","A","A","A","A","A","A","A","A","A","A","A","A","A","A","B","B","B","B","B","B","B","B","B","B","B","B","B","B","B","B","B","B","B","B","B","B","B","B","B","B","B","B","B","B","B","A","A","A","A","B","B","B","B","B","B","B","B","B","B","B","B","B","B","B","B","B","B","B","B","B","B","B","B","B","B","B","B","B","B","B"
"epiRIL480","B","B","B","B","B","B","B","B","B","B","B","B","B","B","B","B","B","B","B","B","B","B","B","B","B","B","B","B","B","B","B","B","B","B","B","B","B","B","B","B","B","B","B","B","B","B","B","B","B","B","B","B","B","B","B","B","B","B","B","B","B","B","B","B","B","B","B","B","B","B","B","B","B","B","B","B","B","B","B","B","B","B","B","B","B","B","B","B","B","B","B","B","B","B","B","B","B","B","B","B","B","B","B","B","B","B","B","B","B","B","B","B","B","B","B","B","B","B","B","B","B","B","B","A","A","A"
"epiRIL488","A","A","A","A","A","A","A","A","A","A","A","A","A","A","A","A","A","A","A","A","B","B","B","B","B","B","B","B","B","A","B","B","B","B","B","B","B","B","B","B","B","B","B","B","B","B","B","B","A","A","B","B","B","B","B","B","B","B","B","B","B","B","B","B","B","B","B","B","B","B","B","B","B","B","B","B","B","B","B","B","B","B","B","B","B","B","B","B","B","B","B","B","B","B","B","B","B","A","A","A","A","A","A","A","A","A","A","A","A","A","A","A","A","A","A","A","A","A","A","A","A","A","A","A","A","A"
"epiRIL492","B","B","B","B","B","B","B","B","B","B","B","B","B","A","A","A","A","A","A","A","A","A","A","A","A","A","A","A","A","B","B","B","B","B","B","B","B","B","B","B","B","B","B","B","B","A","A","A","A","B","B","B","B","B","B","B","B","B","B","B","B","B","B","B","B","B","B","B","B","B","B","B","B","B","B","B","B","B","B","B","B","B","B","B","A","B","B","B","B","B","B","B","B","B","B","B","B","B","B","B","B","B","B","B","B","B","A","A","A","A","A","A","A","A","A","A","A","A","A","A","B","B","B","B","B","B"
"epiRIL493","B","B","B","B","B","B","B","B","B","B","B","B","B","B","B","B","B","B","B","B","B","B","B","B","B","B","B","B","A","A","B","B","B","B","B","B","B","B","B","B","B","B","B","B","B","B","B","B","B","A","A","A","A","A","A","A","B","B","B","B","B","B","B","B","B","B","B","B","B","B","A","A","B","B","B","B","B","B","B","B","B","B","B","B","B","B","B","B","B","B","B","B","A","A","A","B","B","B","B","B","B","B","B","B","B","B","B","B","B","B","B","B","B","B","B","B","B","B","B","B","B","B","B","B","B","B"
"epiRIL494","B","B","B","B","B","B","B","B","B","B","B","B","B","A","A","A","A","A","A","A","A","A","A","B","B","B","B","B","B","B","B","B","B","B","B","B","B","B","B","B","B","B","B","B","B","B","A","B","B","B","B","B","B","B","B","B","B","B","B","B","B","B","B","B","B","B","B","B","B","B","B","B","B","B","B","B","B","B","B","B","B","B","B","B","B","B","B","B","B","B","B","B","B","B","B","B","B","B","B","B","B","B","B","B","B","B","B","B","B","B","B","B","B","B","B","B","B","B","B","B","B","B","B","B","B","B"
"epiRIL495","B","B","B","B","B","B","B","B","B","B","B","B","B","B","B","B","B","B","B","B","B","B","B","B","B","B","B","B","B","B","B","B","B","B","B","B","B","B","B","B","B","B","B","B","B","B","B","B","B","A","B","B","B","B","B","B","B","B","B","B","B","B","B","B","B","B","B","B","B","B","B","A","B","B","B","B","B","B","B","B","B","B","B","B","B","B","B","B","B","B","B","B","B","B","B","B","B","B","B","B","B","B","B","B","B","B","B","B","B","B","B","B","B","B","B","B","B","B","B","B","B","B","B","B","B","B"
"epiRIL497","B","B","B","B","B","B","B","A","A","A","B","B","B","B","B","B","B","B","B","B","B","B","B","B","B","B","B","B","B","A","B","B","B","B","B","B","B","B","B","B","B","B","B","B","B","B","B","B","B","B","A","A","A","B","B","B","B","B","B","B","B","B","B","B","B","B","B","B","B","B","A","A","B","B","B","B","B","B","B","B","B","B","B","B","B","B","B","B","B","B","B","B","B","B","B","A","A","B","B","B","B","B","B","B","B","B","B","B","B","B","B","B","B","B","B","B","B","B","B","B","B","B","B","B","B","B"
"epiRIL500","B","B","A","A","A","A","A","A","A","A","A","A","A","A","A","A","A","A","A","A","A","A","A","A","A","A","A","A","A","B","B","B","B","B","B","B","B","B","B","B","B","B","B","B","B","B","B","B","A","B","B","B","B","B","B","B","B","B","B","B","B","B","B","B","B","B","B","B","B","B","B","B","A","B","B","B","B","B","A","A","A","A","A","A","A","A","A","A","A","A","A","A","B","B","B","B","B","B","B","B","B","B","B","B","B","B","B","B","B","B","B","B","B","B","B","B","B","B","B","B","B","B","B","B","B","B"
"epiRIL503","B","B","B","B","B","B","B","B","B","B","B","B","B","A","A","A","A","A","A","A","A","A","A","B","B","B","B","B","B","B","B","B","B","B","B","B","B","B","B","B","B","B","B","B","B","B","B","B","B","A","A","A","A","A","A","A","A","A","A","A","A","A","A","A","A","A","A","A","A","A","A","A","B","B","B","B","B","B","B","B","B","B","A","A","A","A","A","A","A","A","A","A","A","A","A","A","A","B","B","B","B","B","B","B","B","B","B","B","B","B","B","B","B","B","B","B","B","B","B","B","B","B","B","B","B","B"
"epiRIL506","B","B","B","B","B","B","B","B","B","B","B","B","B","B","B","B","B","B","B","B","B","B","B","B","B","B","B","B","B","B","B","B","B","B","B","B","B","B","B","B","B","B","B","B","B","B","B","B","B","B","B","B","B","B","B","B","B","B","B","B","B","B","B","B","B","B","A","A","A","A","B","B","A","A","A","A","A","A","B","B","A","A","A","A","B","B","B","B","B","B","B","B","B","B","B","B","B","B","B","B","B","B","B","B","B","B","B","B","B","B","B","B","B","B","B","B","B","B","B","B","B","B","B","B","B","B"
"epiRIL508","A","A","A","A","A","A","A","A","A","A","A","A","A","A","A","A","A","A","A","A","A","A","A","A","A","A","A","A","A","B","A","A","A","A","A","A","A","A","A","A","A","A","A","A","A","A","A","B","A","A","B","B","B","B","B","B","B","B","B","B","B","B","B","B","B","B","B","B","B","A","B","B","A","A","A","A","A","A","A","A","A","A","A","A","A","A","A","A","A","A","A","A","A","A","B","B","B","B","B","B","B","B","B","B","B","B","B","B","B","B","B","B","B","B","B","B","B","B","B","B","B","B","B","B","B","B"
"epiRIL523","B","B","B","B","B","B","B","B","B","B","B","B","B","B","B","B","B","B","B","B","B","B","B","B","B","B","B","B","B","B","B","B","B","B","B","B","B","B","B","B","B","B","B","B","B","B","B","B","B","B","B","B","B","B","B","B","B","B","B","B","B","B","B","B","B","B","B","B","B","B","B","B","A","A","A","A","A","A","A","A","A","A","A","A","A","B","B","B","B","B","B","B","B","B","B","B","B","B","A","A","A","B","B","A","A","A","A","A","A","A","A","A","B","B","B","A","A","A","A","A","A","B","B","B","B","B"
"epiRIL538","B","B","B","B","B","B","B","B","B","B","B","B","B","B","B","B","B","B","B","B","B","B","B","B","B","B","B","B","B","B","B","B","B","B","B","B","B","B","B","B","B","B","B","B","B","B","B","B","B","A","B","B","B","B","B","B","B","B","B","B","B","B","B","B","B","B","B","B","B","A","A","A","B","B","B","B","B","B","B","B","B","B","B","B","B","B","B","B","B","B","B","B","B","B","B","B","B","B","B","B","B","B","B","B","B","B","B","B","B","B","B","B","B","B","B","B","B","B","B","B","B","B","B","B","B","B"
"epiRIL539","B","B","B","B","B","B","B","B","B","B","B","B","B","B","B","B","B","B","B","B","B","B","B","B","B","B","B","B","B","B","B","B","B","B","B","B","B","B","B","B","B","B","B","B","B","B","B","B","B","B","A","A","A","A","A","A","A","A","A","A","A","A","A","A","A","A","A","A","A","A","B","B","B","B","B","B","B","B","B","B","B","B","B","B","B","B","B","B","B","B","B","B","B","B","B","A","A","A","A","A","A","A","A","A","A","A","A","A","A","A","A","B","B","B","B","B","B","B","B","B","B","B","B","B","B","B"
"epiRIL556","A","A","A","A","A","A","A","A","B","B","B","B","B","B","B","B","B","B","B","B","B","B","B","B","B","B","B","B","B","B","B","B","B","B","B","B","B","B","B","B","B","B","B","B","B","B","B","B","B","B","B","B","A","A","A","A","A","A","A","A","A","A","A","A","A","A","A","A","A","B","B","B","B","B","B","B","B","A","A","A","A","A","A","A","A","A","A","A","B","B","B","B","B","B","B","A","A","A","A","A","A","A","A","A","A","A","A","A","A","A","A","A","A","A","A","A","A","A","A","A","A","B","B","B","B","B"
"epiRIL558","B","B","B","B","B","B","B","B","B","B","B","B","B","B","B","B","B","B","B","B","B","B","B","B","B","B","B","B","B","A","A","A","A","A","A","A","A","A","A","A","A","A","A","A","A","A","A","A","A","A","A","B","B","B","B","B","B","B","B","B","B","B","B","B","B","B","B","B","B","B","B","B","B","B","B","B","B","B","B","B","B","B","B","B","B","B","A","A","A","A","A","A","A","A","A","B","B","B","B","B","B","B","B","B","B","B","B","B","B","B","B","B","B","B","B","B","B","B","B","B","B","B","B","B","B","B"
"epiRIL559","B","B","B","B","B","B","B","B","B","B","B","B","B","B","B","B","B","B","B","B","B","B","B","B","B","B","B","B","B","B","B","B","B","B","B","B","B","B","B","B","B","B","B","B","B","B","B","B","A","B","B","B","B","B","B","B","B","B","B","B","B","B","B","B","B","B","B","B","B","A","A","A","B","B","B","B","B","B","B","B","B","B","B","B","B","B","B","B","B","B","B","B","B","B","B","B","B","B","B","B","B","B","B","B","B","B","B","B","B","B","B","B","B","B","A","A","A","A","A","A","A","B","B","B","B","B"
"epiRIL561","A","A","B","B","B","B","B","B","B","B","B","B","B","B","B","B","B","B","B","B","B","B","B","B","B","B","B","B","B","A","B","B","B","B","B","B","B","B","B","B","B","B","B","B","B","B","B","B","B","B","B","B","B","B","B","B","A","A","A","A","A","A","A","A","A","A","A","A","A","A","A","A","B","B","B","B","B","B","B","B","B","B","B","B","B","B","B","B","B","B","B","B","B","B","A","B","B","B","A","A","A","A","A","A","A","A","A","A","A","A","A","A","A","A","A","A","A","A","A","A","A","A","A","A","A","A"
"epiRIL567","B","B","A","A","A","A","A","A","A","A","A","A","A","A","A","A","A","A","A","A","A","A","A","A","A","A","A","A","A","B","A","A","A","A","A","A","A","A","A","A","A","A","A","A","A","A","B","B","B","B","B","B","B","B","B","B","B","B","B","B","B","B","B","B","B","B","B","B","B","B","B","B","A","A","A","A","A","A","B","B","B","B","B","B","B","B","B","B","B","B","B","B","B","B","B","B","B","B","B","B","B","B","B","B","B","B","B","B","B","B","B","B","B","B","B","B","B","B","B","B","B","B","B","B","B","B"
"epiRIL570","B","B","B","B","B","B","B","B","B","B","B","B","B","B","B","B","B","B","B","B","B","B","B","B","B","B","B","B","B","B","B","B","B","B","B","B","B","B","B","B","B","B","B","B","B","B","B","B","B","B","B","B","B","B","B","B","B","B","B","B","B","B","B","B","B","B","B","B","B","B","B","B","B","B","B","B","B","B","B","B","B","B","B","B","B","B","B","B","A","A","A","A","B","B","B","B","B","B","B","B","B","B","B","B","B","B","B","B","B","B","B","B","B","B","B","B","B","B","B","B","B","B","B","B","B","B"
"epiRIL572","B","B","B","B","B","B","B","B","B","B","B","B","B","B","B","B","B","B","B","B","B","B","B","B","B","B","B","B","B","B","B","A","A","A","A","A","A","A","A","A","A","A","A","A","A","A","A","A","A","B","A","A","A","A","A","B","B","B","B","B","B","B","B","B","B","B","B","B","B","A","A","A","B","B","B","B","B","B","B","B","B","B","B","B","B","B","B","B","B","B","B","B","B","B","B","A","A","B","B","B","B","B","B","B","B","B","B","B","B","B","B","B","B","B","B","B","B","B","B","B","B","B","B","B","B","B"
"epiRIL573","B","B","B","B","B","B","B","B","B","B","B","B","B","B","B","B","B","B","B","B","B","B","B","B","B","B","B","B","B","B","B","B","B","B","B","B","B","B","B","B","B","B","B","B","B","B","B","B","B","B","B","B","B","B","B","B","B","B","B","A","A","A","A","A","A","A","A","A","A","A","B","B","B","B","B","B","B","B","B","B","B","B","B","B","B","B","B","B","B","B","B","B","B","B","B","B","B","B","B","B","B","B","B","B","B","B","B","B","B","B","B","B","B","B","B","B","B","B","B","B","B","B","B","B","B","B"
"epiRIL579","B","B","A","A","A","A","A","A","A","A","A","A","B","B","B","B","B","B","B","B","B","B","B","A","A","A","A","A","A","B","B","B","B","B","B","B","B","B","B","B","B","B","B","B","B","B","B","B","B","B","B","B","B","B","B","B","B","B","B","B","B","B","B","B","B","B","B","B","B","B","B","B","A","A","A","A","A","A","B","B","B","B","B","B","B","B","B","B","B","B","B","B","B","B","B","B","B","B","B","B","B","B","B","B","B","B","B","B","B","B","B","B","B","B","B","B","B","B","B","B","B","B","B","B","B","B"
